title,link,num_comments
Native Passability: How Well Can Someone Else Tell?,https://www.reddit.com/r/EnglishLearning/comments/1lq8d06/native_passability_how_well_can_someone_else_tell/,240
"Do natives really take into account the difference between ""will"" and ""going to"" in daily talk?",https://www.reddit.com/r/EnglishLearning/comments/1lqi0ud/do_natives_really_take_into_account_the/,159
What does this mean? I‚Äôm a bit confused.,https://www.reddit.com/r/EnglishLearning/comments/1lqryye/what_does_this_mean_im_a_bit_confused/,159
Why do some people say ‚Äúa proof‚Äù or ‚Äúan evidence‚Äù when I thought they were uncountable?,https://www.reddit.com/r/EnglishLearning/comments/1lrghqv/why_do_some_people_say_a_proof_or_an_evidence/,71
"Why do I feel the need to change the order of the words ""will"" and ""they""?",https://www.reddit.com/r/EnglishLearning/comments/1lsa4cx/why_do_i_feel_the_need_to_change_the_order_of_the/,71
"""As one of the only people in this body who has lived off of tips..."" - Alexandria Ocasio-Cortez. Is the expression ""as one of the only people"" grammatically correct? What does it mean?",https://www.reddit.com/r/EnglishLearning/comments/1lq97vu/as_one_of_the_only_people_in_this_body_who_has/,65
Does English sound nice to you? Is it nice to speak?,https://www.reddit.com/r/EnglishLearning/comments/1lr808w/does_english_sound_nice_to_you_is_it_nice_to_speak/,64
"Do Americans use the expression ""have a think (about something)""?",https://www.reddit.com/r/EnglishLearning/comments/1lscynf/do_americans_use_the_expression_have_a_think/,53
Crossword crowdsourced,https://www.reddit.com/r/EnglishLearning/comments/1ls01kq/crossword_crowdsourced/,52
why did ai correct me with in my opinion good sentence?,https://www.reddit.com/r/EnglishLearning/comments/1lrbs1d/why_did_ai_correct_me_with_in_my_opinion_good/,44
Natural answers to how are you and how are you doing,https://www.reddit.com/r/EnglishLearning/comments/1lrvnm7/natural_answers_to_how_are_you_and_how_are_you/,43
"The phrasal verb ""put in""",https://www.reddit.com/r/EnglishLearning/comments/1lr1jm4/the_phrasal_verb_put_in/,41
Is it just me or is paraphrasing sometimes harder than writing a whole new sentence?,https://www.reddit.com/r/EnglishLearning/comments/1lrhf0d/is_it_just_me_or_is_paraphrasing_sometimes_harder/,41
What does this sentence mean in here?,https://www.reddit.com/r/EnglishLearning/comments/1lpxenn/what_does_this_sentence_mean_in_here/,40
Are you looking for a/the shower?,https://www.reddit.com/r/EnglishLearning/comments/1lsiegt/are_you_looking_for_athe_shower/,39
"Are the ""ed""s pronounced differently in these sentences?",https://www.reddit.com/r/EnglishLearning/comments/1lpneic/are_the_eds_pronounced_differently_in_these/,38
"""I got used to it"" or ""I've gotten used to it""?",https://www.reddit.com/r/EnglishLearning/comments/1lq1krt/i_got_used_to_it_or_ive_gotten_used_to_it/,35
I feel depressed when I see someone like me who knows better English. Why? ?,https://www.reddit.com/r/EnglishLearning/comments/1ls115m/i_feel_depressed_when_i_see_someone_like_me_who/,35
"Do you natives often say something like ""how lengthy of a process (doing something is)"" in your daily conversations instead of ""how lengthy/the process (of doing something is)""? I find the former structure difficult to understand.",https://www.reddit.com/r/EnglishLearning/comments/1lr8jms/do_you_natives_often_say_something_like_how/,33
An alternative to Actually,https://www.reddit.com/r/EnglishLearning/comments/1ls6p2w/an_alternative_to_actually/,32
Which one sounds more natural?,https://www.reddit.com/r/EnglishLearning/comments/1lpth0w/which_one_sounds_more_natural/,30
Wuthering Heights,https://www.reddit.com/r/EnglishLearning/comments/1lrblv4/wuthering_heights/,27
What does ¬´¬†matter of fact¬†¬ª means ?,https://www.reddit.com/r/EnglishLearning/comments/1lpr21r/what_does_matter_of_fact_means/,27
"""I hate X. Also I don't like Y"" or ""I hate X. I don't like Y either""?",https://www.reddit.com/r/EnglishLearning/comments/1ls57kd/i_hate_x_also_i_dont_like_y_or_i_hate_x_i_dont/,27
Learn British Accent,https://www.reddit.com/r/EnglishLearning/comments/1lq1smx/learn_british_accent/,27
Which one sounds most natural?,https://www.reddit.com/r/EnglishLearning/comments/1lrjdb2/which_one_sounds_most_natural/,25
i need a english speaking partner,https://www.reddit.com/r/EnglishLearning/comments/1lqrhd6/i_need_a_english_speaking_partner/,24
"If there are female characters A and B, and the author writes ""B puts her hand on her shoulder, and A puts her hand on her own"", who is touching who and how. I'm confused",https://www.reddit.com/r/EnglishLearning/comments/1lrf9n4/if_there_are_female_characters_a_and_b_and_the/,23
How can I sound just like a native? (Accent),https://www.reddit.com/r/EnglishLearning/comments/1lruo7f/how_can_i_sound_just_like_a_native_accent/,23
Which one is correct?,https://www.reddit.com/r/EnglishLearning/comments/1lrt5km/which_one_is_correct/,23
mnemonic acronyms,https://www.reddit.com/r/EnglishLearning/comments/1lr89xp/mnemonic_acronyms/,23
"""One kilometer of road or one kilometer road "" "" one thousend people or one thousend of people "" "" one thousend roads or one thousends of roads "" which one is used in spoken English",https://www.reddit.com/r/EnglishLearning/comments/1lqq85v/one_kilometer_of_road_or_one_kilometer_road_one/,22
Dm to talk in English,https://www.reddit.com/r/EnglishLearning/comments/1lrx26z/dm_to_talk_in_english/,20
"Need help understanding the word ""deliver""",https://www.reddit.com/r/EnglishLearning/comments/1lrebpw/need_help_understanding_the_word_deliver/,19
"Fellow native speakers, help me explain to a non native friend",https://www.reddit.com/r/EnglishLearning/comments/1lrl1jl/fellow_native_speakers_help_me_explain_to_a_non/,19
"Can't think of this word, please help me figure it out",https://www.reddit.com/r/EnglishLearning/comments/1lshkxt/cant_think_of_this_word_please_help_me_figure_it/,18
"What does ""relieve"" mean in this context?",https://www.reddit.com/r/EnglishLearning/comments/1lqqjsv/what_does_relieve_mean_in_this_context/,15
"""This is a new character of him or his "" ""this is a new character of her or hers "" which one is used after 'of '?",https://www.reddit.com/r/EnglishLearning/comments/1lrbh1k/this_is_a_new_character_of_him_or_his_this_is_a/,15
Plz useful ai tool for speaking,https://www.reddit.com/r/EnglishLearning/comments/1lra4er/plz_useful_ai_tool_for_speaking/,14
Try this exercise of Noun Clause. I will give answer in the comment tomorrow.,https://www.reddit.com/r/EnglishLearning/comments/1ls1onr/try_this_exercise_of_noun_clause_i_will_give/,13
English speaking partner. Female only,https://www.reddit.com/r/EnglishLearning/comments/1lr1jcz/english_speaking_partner_female_only/,13
What did he mean by 'Reboot every major franchise',https://www.reddit.com/r/EnglishLearning/comments/1lq4m5o/what_did_he_mean_by_reboot_every_major_franchise/,12
"Why is there a ""for"" before ""if"" here? Shouldn't there be ""example"" after ""for"" for it to be correct?",https://www.reddit.com/r/EnglishLearning/comments/1lq336m/why_is_there_a_for_before_if_here_shouldnt_there/,12
Daily idiom: blow my hair back,https://www.reddit.com/r/EnglishLearning/comments/1lpp7gi/daily_idiom_blow_my_hair_back/,11
"""That's it"" alternatives",https://www.reddit.com/r/EnglishLearning/comments/1lrdguo/thats_it_alternatives/,11
Looking for new friends to practice English with!,https://www.reddit.com/r/EnglishLearning/comments/1lqe2om/looking_for_new_friends_to_practice_english_with/,11
"Do you use ""them"" instead of ""the"" and ""those"" in real life?",https://www.reddit.com/r/EnglishLearning/comments/1lsux67/do_you_use_them_instead_of_the_and_those_in_real/,11
what does this but mean ?'The methods presented here are simple but rigorous.',https://www.reddit.com/r/EnglishLearning/comments/1lpnxt0/what_does_this_but_mean_the_methods_presented/,11
"What does ""logistics"" mean here?",https://www.reddit.com/r/EnglishLearning/comments/1lqkupe/what_does_logistics_mean_here/,11
Movie teaser or movie trailer?,https://www.reddit.com/r/EnglishLearning/comments/1lsei4i/movie_teaser_or_movie_trailer/,11
how can I know my english level,https://www.reddit.com/r/EnglishLearning/comments/1lrfpf4/how_can_i_know_my_english_level/,10
You don‚Äôt know where Shrek is? Double negative practice,https://www.reddit.com/r/EnglishLearning/comments/1lryf8m/you_dont_know_where_shrek_is_double_negative/,10
Will I progress if I spend a half hour per day practicing English?,https://www.reddit.com/r/EnglishLearning/comments/1lresmu/will_i_progress_if_i_spend_a_half_hour_per_day/,10
"‚≠êÔ∏è ""What's this thing?"" ‚≠êÔ∏è",https://www.reddit.com/r/EnglishLearning/comments/1lrezys/whats_this_thing/,10
How do you use AI for learning English?,https://www.reddit.com/r/EnglishLearning/comments/1lr9ci7/how_do_you_use_ai_for_learning_english/,10
Daily idiom: the last straw,https://www.reddit.com/r/EnglishLearning/comments/1ls3tce/daily_idiom_the_last_straw/,9
How to identify hardly used or very regional or archaic vocabulary,https://www.reddit.com/r/EnglishLearning/comments/1lr0bil/how_to_identify_hardly_used_or_very_regional_or/,9
Need help understanding something,https://www.reddit.com/r/EnglishLearning/comments/1lpny2a/need_help_understanding_something/,8
Daily idiom: drink your kool aid,https://www.reddit.com/r/EnglishLearning/comments/1lsuzqw/daily_idiom_drink_your_kool_aid/,8
‚ÄúI‚Äôm 100 dollars up/down.‚Äù Does this sound natural to mean ‚ÄúI won or lost 100 dollars‚Äù in a betting game?,https://www.reddit.com/r/EnglishLearning/comments/1lsn6pc/im_100_dollars_updown_does_this_sound_natural_to/,8
Want tk practice my British accent,https://www.reddit.com/r/EnglishLearning/comments/1lsi1wg/want_tk_practice_my_british_accent/,8
"Fluent listener and reader, but my speaking and writing need help. What worked for you?",https://www.reddit.com/r/EnglishLearning/comments/1lq8w3z/fluent_listener_and_reader_but_my_speaking_and/,7
"Why is it: ""Aren't I hot?"" vs something with ""am"", like the question ""Am I hot?""",https://www.reddit.com/r/EnglishLearning/comments/1lsetmj/why_is_it_arent_i_hot_vs_something_with_am_like/,7
I want to furnish/set up/fit up my apartme t,https://www.reddit.com/r/EnglishLearning/comments/1lsayo5/i_want_to_furnishset_upfit_up_my_apartme_t/,7
"What does ""on the edge of life"" mean?",https://www.reddit.com/r/EnglishLearning/comments/1lsfjr9/what_does_on_the_edge_of_life_mean/,7
"What does ""rate"" mean here?",https://www.reddit.com/r/EnglishLearning/comments/1lrf07b/what_does_rate_mean_here/,6
I cancelled ChatGPT Plus today,https://www.reddit.com/r/EnglishLearning/comments/1lr9j4e/i_cancelled_chatgpt_plus_today/,6
what does this mean?,https://www.reddit.com/r/EnglishLearning/comments/1lq2m9y/what_does_this_mean/,6
"""I hope I'll be there tomorrow"" or ""I hope I'm there tomorrow"" ?",https://www.reddit.com/r/EnglishLearning/comments/1lprw5l/i_hope_ill_be_there_tomorrow_or_i_hope_im_there/,6
Is ‚Äút‚Äù in ‚ÄúGibraltar‚Äù aspirated here?    I saw people say ‚Äút‚Äù isn‚Äôt aspirated when it‚Äôs unstressed in General American.,https://www.reddit.com/r/EnglishLearning/comments/1lrx52c/is_t_in_gibraltar_aspirated_here_i_saw_people_say/,6
"What I learned today, Day#12.",https://www.reddit.com/r/EnglishLearning/comments/1lrd7sa/what_i_learned_today_day12/,6
Summer vacation,https://www.reddit.com/r/EnglishLearning/comments/1lq8fd7/summer_vacation/,5
Questions about FCE grade A,https://www.reddit.com/r/EnglishLearning/comments/1lqnrpd/questions_about_fce_grade_a/,5
Drunk or drunken,https://www.reddit.com/r/EnglishLearning/comments/1lsv182/drunk_or_drunken/,5
My mouth can't keep up with my thought's end up stuttering or butchering the pronunciation,https://www.reddit.com/r/EnglishLearning/comments/1lqskbk/my_mouth_cant_keep_up_with_my_thoughts_end_up/,5
Article‚Ä¶..,https://www.reddit.com/r/EnglishLearning/comments/1lsicf3/article/,5
"I'm studying English for 3 hours a day, but I‚Äôm struggling to understand spoken English. So, I‚Äôm trying to listen to a B1-level podcast that I made myself.",https://www.reddit.com/r/EnglishLearning/comments/1ls0b4m/im_studying_english_for_3_hours_a_day_but_im/,5
Beginner here,https://www.reddit.com/r/EnglishLearning/comments/1ls0j9w/beginner_here/,4
Proofreading your own writing is the worst game of hide and seek ever.,https://www.reddit.com/r/EnglishLearning/comments/1lsutsf/proofreading_your_own_writing_is_the_worst_game/,4
difference between ‚Äúin a way that‚Äù ‚Äúin ways that‚Äù in the way that‚Äù,https://www.reddit.com/r/EnglishLearning/comments/1lqgngb/difference_between_in_a_way_that_in_ways_that_in/,4
'get through ' vs 'get across ',https://www.reddit.com/r/EnglishLearning/comments/1ls5xhz/get_through_vs_get_across/,4
"What I learned today, Day#13.",https://www.reddit.com/r/EnglishLearning/comments/1ls558k/what_i_learned_today_day13/,4
Best way to learn English,https://www.reddit.com/r/EnglishLearning/comments/1lrs9mj/best_way_to_learn_english/,4
Alert: 4th July,https://www.reddit.com/r/EnglishLearning/comments/1lqu60w/alert_4th_july/,3
Poll: Best day of week and time of day to join an English class,https://www.reddit.com/r/EnglishLearning/comments/1lqoz5i/poll_best_day_of_week_and_time_of_day_to_join_an/,2
Daily idiom: third wheel,https://www.reddit.com/r/EnglishLearning/comments/1lqj0qo/daily_idiom_third_wheel/,2
‚ÄúR‚Äù vs ‚ÄúL‚Äù - The Secret is the Tongue („ÄåR„Äç„Å®„ÄåL„Äç„ÅÆÈÅï„ÅÑ„Çí„ÇØ„É™„Ç¢„Å´Áô∫Èü≥„Åô„Çã„Ç≥„ÉÑ),https://www.reddit.com/r/EnglishLearning/comments/1lsmiz1/r_vs_l_the_secret_is_the_tongue_r„Å®l„ÅÆÈÅï„ÅÑ„Çí„ÇØ„É™„Ç¢„Å´Áô∫Èü≥„Åô„Çã„Ç≥„ÉÑ/,2
"What I learned today, Day#10.",https://www.reddit.com/r/EnglishLearning/comments/1lppvgk/what_i_learned_today_day10/,2
"What I learned today, Day#11.",https://www.reddit.com/r/EnglishLearning/comments/1lqk7gn/what_i_learned_today_day11/,2
How can I prepare for APTIS Advance by myself?,https://www.reddit.com/r/EnglishLearning/comments/1lryyjb/how_can_i_prepare_for_aptis_advance_by_myself/,1
"IELTS Preparation Day 13/100: No progress, just a update",https://www.reddit.com/r/EnglishLearning/comments/1lra8yn/ielts_preparation_day_13100_no_progress_just_a/,1
Daily idiom: hit close to home,https://www.reddit.com/r/EnglishLearning/comments/1lrca0m/daily_idiom_hit_close_to_home/,1
Podcasts for advanced English learners,https://www.reddit.com/r/EnglishLearning/comments/1lq08sg/podcasts_for_advanced_english_learners/,0
Do you use Duolingo or similar apps? 5-min anonymous survey for my MA thesis üìö,https://www.reddit.com/r/EnglishLearning/comments/1lrgkm3/do_you_use_duolingo_or_similar_apps_5min/,0
ü¶Ñ Report Spam and Misinformation ü¶Ñ,https://www.reddit.com/r/EnglishLearning/comments/1lrfgu9/report_spam_and_misinformation/,0
Hello Everybody!,https://www.reddit.com/r/EnglishLearning/comments/1lreuyc/hello_everybody/,0
Slow English Listening Practice-English Cozy Chat,https://www.reddit.com/r/EnglishLearning/comments/1lpqx1x/slow_english_listening_practiceenglish_cozy_chat/,0
„ÄêËØªÊñ∞ÈóªÂ≠¶Ëã±ËØ≠„ÄëHouse holdouts stall spending bill,https://www.reddit.com/r/EnglishLearning/comments/1lqrxkv/ËØªÊñ∞ÈóªÂ≠¶Ëã±ËØ≠house_holdouts_stall_spending_bill/,0
Speak up! Telegram,https://www.reddit.com/r/EnglishLearning/comments/1lss7i4/speak_up_telegram/,0
"I am organizing a ""Mock Meeting"" to practice English in work settings.",https://www.reddit.com/r/EnglishLearning/comments/1lqqog1/i_am_organizing_a_mock_meeting_to_practice/,0
